Accessories,back cover,Neutral
Accessories,case,Positive
Audio/Speaker,sounding speakers,Neutral
Audio/Speaker,sounded,Positive
Audio/Speaker,nice sounding,Neutral
Audio/Speaker,webcam,Neutral
Audio/Speaker,webcams,Neutral
BIOS,toshiba laptop running,Neutral
BIOS,loading speed,Positive
BIOS,operating system,Positive
BIOS,boot speed,Positive
BIOS,hardware,Positive
BIOS,graphics software,Neutral
BIOS,compatibility,Positive
BIOS,hard core gaming machine,Neutral
BIOS,windows 10,Neutral
BIOS,upgrade ram,Positive
BIOS,inside upgrades,Positive
BIOS,pc games,Neutral
BIOS,will install,Neutral
BIOS,format,Positive
BIOS,installed,Positive
BIOS,recognized,Neutral
BIOS,it boots up in,Positive
BIOS,daily driver,Neutral
BIOS,distros,Positive
BIOS,win,Neutral
BIOS,linux,Positive
BIOS,drivers,Neutral
BIOS,operating system,Positive
Cooling,refresh speed,Positive
Cooling,performance mode,Neutral
Cooling,digital life,Negative
Cooling,runs win11,Neutral
Cooling,fast,Positive
Cooling,rate,Positive
Cooling,consumption a,Positive
Cooling,average battery,Neutral
Cooling,tasks,Neutral
Cooling,processing speeds,Positive
Cooling,increase the drive,Neutral
Cooling,fans,Positive
Cooling,fans,Negative
Cooling,fans,Neutral
Customer Support,online multiplayer games,Positive
Customer Support,experience,Positive
Customer Support,google,Positive
Customer Support,updates in,Positive
Customer Support,uninstalled,Negative
Customer Support,microsoft 365 trial programs,Neutral
Customer Support,microsoft 365 trial programs,Neutral
Customer Support,microsoft 365 trial programs,Neutral
Customer Support,mcafee,Negative
Customer Support,tech,Positive
Customer Support,apps,Neutral
Customer Support,apps,Neutral
Customer Support,chrome,Negative
Customer Support,novice,Neutral
Customer Support,gaming app,Negative
Customer Support,updating,Positive
Customer Support,user,Positive
Customer Support,registry,Neutral
Customer Support,first update,Positive
Customer Support,real time strategy games,Neutral
Customer Support,bloatware,Neutral
Customer Support,m 2 ssd,Neutral
Customer Support,map games,Neutral
Customer Support,music production,Neutral
GPU,nvidia geforce rtx graphics card,Positive
GPU,geforce rtx 2050 graphics,Positive
GPU,intel,Neutral
GPU,hard core gaming machine,Neutral
GPU,i7,Neutral
GPU,processor and,Positive
GPU,tuf,Positive
GPU,turbo mode,Neutral
GPU,main rig,Neutral
GPU,5 max settings,Positive
GPU,i5 512gb,Neutral
GPU,1650,Neutral
GPU,stock memory,Neutral
GPU,gpu,Neutral
GPU,cpu,Neutral
GPU,memory storage c drive,Negative
GPU,cc including gameplay mods,Neutral
GPU,mid scale gaming imo,Positive
GPU,apex,Neutral
Graphics,dual cooling system,Positive
Graphics,video games,Neutral
Graphics,video editing software,Neutral
Graphics,photoshop,Neutral
Graphics,multimedia consumption,Positive
Graphics,processing speeds,Positive
Graphics,digital life,Negative
Graphics,3d printer,Positive
Graphics,secondary drive slot,Neutral
Graphics,studio taking,Neutral
Graphics,main rig,Neutral
Graphics,single zone,Neutral
Graphics,registry editor,Neutral
Graphics,basic,Neutral
Graphics,dvd drive,Neutral
Graphics,integrated,Neutral
Graphics,dedicated,Neutral
Graphics,music production,Neutral
Keyboard / Touchpad,backlit keys,Positive
Keyboard / Touchpad,numbers keyboard,Positive
Keyboard / Touchpad,screen quality,Neutral
Keyboard / Touchpad,backlighting adds a cool factor,Positive
Keyboard / Touchpad,lighting,Positive
Keyboard / Touchpad,pulsing lights,Neutral
Keyboard / Touchpad,lights they,Positive
Keyboard / Touchpad,membrane,Negative
Keyboard / Touchpad,strobe,Neutral
Keyboard / Touchpad,keys,Positive
Keyboard / Touchpad,keys,Neutral
Keyboard / Touchpad,keys,Positive
Keyboard / Touchpad,trackpad,Positive
Keyboard / Touchpad,touch screen,Positive
Keyboard / Touchpad,led power,Positive
Keyboard / Touchpad,backlights,Positive
Keyboard / Touchpad,volume button,Negative
Keyboard / Touchpad,backlight keyboard,Neutral
Keyboard / Touchpad,light is,Neutral
Keyboard / Touchpad,brightness,Neutral
Keyboard / Touchpad,track pad,Neutral
Keyboard / Touchpad,key input,Neutral
Keyboard / Touchpad,white,Neutral
Keyboard / Touchpad,volume button,Negative
Keyboard / Touchpad,clickable mouse pad,Neutral
Keyboard / Touchpad,clickable mouse pad,Neutral
Motherboard,inch,Positive
Motherboard,slot,Neutral
Motherboard,slots,Neutral
Motherboard,space,Negative
Motherboard,storage room,Positive
Portability,screen quality,Neutral
Portability,aluminum chassis,Positive
Portability,design,Positive
Portability,quality construction,Positive
Portability,feel,Positive
Portability,sharp and vibrant,Positive
Portability,comfortable keyboard,Positive
Portability,performance vibrant display,Neutral
Portability,look,Positive
Portability,clickable mouse pad,Neutral
Portability,finishing,Neutral
Portability,like the base they give,Neutral
Portability,right there,Neutral
Portability,surface,Neutral
Portability,nice sounding,Neutral
Portability,big,Neutral
Portability,nicer,Neutral
Portability,real time strategy games,Neutral
Portability,smooth,Neutral
Portability,weight,Positive
Ports,usb thunderbolt,Positive
Ports,hdmi,Positive
Ports,power profiles,Neutral
Ports,32gb ram kit,Neutral
Ports,external removable battery,Positive
Ports,8gbram,Neutral
Ports,usb thunderbolt,Positive
Ports,port selection,Neutral
Ports,adapter,Neutral
Power/battery,start up battery,Positive
Power/battery,year,Positive
Power/battery,constantly,Positive
Power/battery,laptop remains relatively,Positive
Power/battery,day,Positive
Power/battery,nothing,Neutral
Power/battery,side firing,Neutral
Power/battery,it down,Neutral
Power/battery,single zone,Neutral
Power/battery,real time strategy games,Neutral
Power/battery,still,Neutral
Power/battery,turning,Neutral
Power/battery,finally,Neutral
Power/battery,first,Neutral
Power/battery,night,Neutral
Power/battery,shutting,Negative
Power/battery,10 seconds,Negative
Power/battery,noticed,Neutral
Power/battery,buttons switches,Neutral
Power/battery,everything right,Neutral
Power/battery,hit,Neutral
Power/battery,working,Neutral
Power/battery,turn based,Neutral
Power/battery,death stranding,Neutral
Power/battery,start up battery,Positive
Power/battery,move,Neutral
Power/battery,2hrs,Neutral
Power/battery,normally am,Neutral
Price,price of,Neutral
Price,budget,Neutral
Price,built into,Neutral
Price,exceptionally,Positive
Price,quality efficient cooling,Positive
Price,build,Positive
Price,laptop remains relatively,Positive
Price,components,Positive
Price,value,Positive
Price,value,Positive
Price,specs,Positive
Price,specs,Positive
Price,specs,Positive
Price,comparison,Neutral
Price,comparing,Neutral
Price,bang,Positive
Price,mid scale gaming imo,Positive
Productivity,use this,Neutral
Productivity,files,Positive
Productivity,household and has,Positive
Productivity,sharing,Positive
Productivity,home screen,Neutral
Productivity,join,Neutral
Productivity,backup,Positive
Productivity,cloud games,Positive
Productivity,3d printer,Positive
Screen,f15,Neutral
Screen,rgb backlighting,Positive
Screen,refresh speed,Positive
Screen,displays,Neutral
Screen,performance vibrant display,Neutral
Screen,connectivity,Neutral
Screen,sound is,Neutral
Screen,lcd,Neutral
Screen,video playback,Positive
Screen,performance external monitor,Neutral
Screen,ips,Neutral
Screen,key input,Neutral
Screen,mid scale gaming imo,Positive
Screen,audio,Positive
Shipping / Packaging,come,Positive
Shipping / Packaging,come,Neutral
Shipping / Packaging,caught,Positive
Shipping / Packaging,can handle,Positive
Shipping / Packaging,carried around,Positive
Shipping / Packaging,way,Positive
Shipping / Packaging,make,Positive
Shipping / Packaging,arm and,Neutral
Shipping / Packaging,back vents,Negative
Shipping / Packaging,right there,Neutral
Shipping / Packaging,wafer,Negative
Shipping / Packaging,8gb stick,Neutral
Shipping / Packaging,ram sticks,Neutral
Shipping / Packaging,back porch,Neutral
Shipping / Packaging,hard drive,Positive
Shipping / Packaging,eldon ring,Positive
Shipping / Packaging,deck they,Negative
Shipping / Packaging,lid,Neutral
Shipping / Packaging,easily,Neutral
Shipping / Packaging,hidden,Neutral
Shipping / Packaging,hidden screws,Neutral
Shipping / Packaging,along with,Neutral
Shipping / Packaging,pick,Neutral
Shipping / Packaging,without,Neutral
Shipping / Packaging,right left track pad,Neutral
Shipping / Packaging,facing up,Positive
Shipping / Packaging,inside,Neutral
Shipping / Packaging,nice open spot,Neutral
Shipping / Packaging,side,Neutral
Shipping / Packaging,overtime,Neutral
Shipping / Packaging,nice open spot,Neutral
Shipping / Packaging,external removable battery,Positive
Shipping / Packaging,remove,Neutral
Shipping / Packaging,packs,Neutral
Storage,storage room,Positive
Webcam / Video Streaming,awesome,Positive
Webcam / Video Streaming,outstanding,Positive
Webcam / Video Streaming,fantastic,Positive
Webcam / Video Streaming,decent,Positive
Webcam / Video Streaming,favorite games,Positive
Webcam / Video Streaming,an excellent,Positive
Webcam / Video Streaming,superb,Positive
Webcam / Video Streaming,1 tb solid state drive,Neutral
Webcam / Video Streaming,love it,Positive
Webcam / Video Streaming,it likes,Neutral
